doc_id;source;city;published_at;title;description;text;url;predicted_label;human_label;review_notes
22dcbe026f8457c1;reddit;Amsterdam;2026-04-10T09:38:37.000Z;;;"Hmmm sounds like they didn't own the building and the landlord might not renew?

Doesn't sound like a licence permit issue";https://www.reddit.com/r/SwingersNL/comments/1sh2sa2/megathread_international_visitors_vacationers_faq/ofcmyna/;0;0;
b9baacc3b8b242f2;reddit;Prague;2026-04-09T14:55:36.000Z;PIGEON STUCK!!!;;PIGEON STUCK!!!. UPDATE: The fire department freed the pigeon succesfully🙏 So pigeon is ok now🩷 Hi! I’m visiting Prague for the first time time with my group of friends, and we noticed that there is a pigeon stuck in the wire mesh outside our airbnb window😭 Is there any place we can call so someone could come help the little guy? He’s making sounds of distress and he has been on the same spot since the morning😞;https://www.reddit.com/r/Prague/comments/1sgry0n/pigeon_stuck/;1;0;
02088e181cb8619b;reddit;Rome;2026-04-10T05:02:06.000Z;;;. I also lived there and you can just adapt your day. Get up and out early sightseeing, home for a siesta in the hotel air con, out for a late dinner when it's cooling a bit. I lived in Sicily which is even hotter than most.;https://www.reddit.com/r/travel/comments/1shclad/italy_in_august/ofbr8lt/;1;1;
b6831002a8561307;reddit;Rome;2026-04-10T02:40:41.000Z;First time backpacking Europe for 3 months in 2027: Would love honest feedback and criticism on my very initial itinerary;;First time backpacking Europe for 3 months in 2027: Would love honest feedback and criticism on my very initial itinerary. A few days ago, I posted a very rough itinerary for a trip to Europe that I'm planning and got a lot of valuable feedback. I was hoping to get some thoughts on this updated itinerary. I’m a 22-year-old guy planning my first long solo backpacking trip through Europe and would really appreciate some honest feedback. I’m planning to go from August to November 2027. Right now, I’m trying to keep the trip around 105 days (15 weeks). Spending no more than 85 in the Schengen Area (right now I’m at 81). I’m aware that it MUST remain under 90 days. My rough itinerary (as of now): \*\*Places in the parentheses are possible day trips I'm considering for each location.\*\* * Fly into Geneva (2 days, arrival and travel to Chamonix) * Chamonix (TDMB) – 12 days (Hike Tour du Mont Blanc) \*THIS IS ONE OF THE MAIN THINGS I WANT TO DO!!\* * Interlaken – 5 days (Lauterbrunnen, Grindelwald, Jungfraujoch) * Lake Como – 3 days (Stay in Varenna??, visit Bellagio and/or Menaggio) * Amsterdam – 5 days (Zaanse Schans, Haarlem) * Copenhagen – 4 days (Frederiksborg Castle, Roskilde) * Prague – 5 days * Vienna – 6 days (Hallstatt, Wachau Valley, Bratislava) * Budapest – 5 days (Szentendre, Danube Bend) * Istanbul – 5 days * Albanian Riviera – 5 days (Himarë) * Athens – 6 days (Delphi, Hydra, Aegina) * Rome – 6 days (Vatican, Tivoli) * Nice – 5 days (Monaco, Èze, Cannes) * Barcelona – 6 days (Montserrat, Sitges) * Lisbon – 5 days (Sintra, Cascais) * Paris – 6 days (Versailles) * London – 5 days (Bath, Oxford, Windsor, Stonehenge) * Scotland – 4 days (Edinburgh, Highlands) * Dublin – 5 days (Cliffs of Moher, Galway, Howth) Some questions I have: I’m really trying to avoid the “everything becomes a blur” problem. I purposely made most stops 4-6 days and am using day trips instead of constantly changing locations. Does this pacing look sustainable for 3.5 months? I’ll be spending 10-12 days hiking the TMB right at the start. Do you think going straight from that into a long backpacking trip is realistic? Or should I expect to need a real recovery period after? Right now, I’ve just listed locations, not exact travel times. Is this route logical geographically? Are there any segments that are way more exhausting than they look? I’m planning to stay mostly in hostels, a mix of eating out and groceries, and trains/flights booked in advance when possible. Is $15k realistic for this route, or am I underestimating One of my big goals is to experience a wide range of Europe. Big cities, smaller towns (via day trips), mountains, coastlines, and different cultures, etc. Does it seem like this itinerary can achieve that well? Are there any major things you would recommend changing? Adding or dropping locations, what day trips should I really try to do, adjusting the time in certain locations, reordering parts of the trip, cutting something if it helps the overall experience, etc. Any advice, recommendations, and/or suggestions would really be appreciated. Thank you!!;https://www.reddit.com/r/backpacking/comments/1sha7df/first_time_backpacking_europe_for_3_months_in/;1;1;
f1a9db139f9b9f05;reddit;London;2026-04-10T10:53:47.000Z;;;Game name doesn't change if Victoria dies early: literally unplayable;https://www.reddit.com/r/ParadoxExtras/comments/1shiv2t/edmund_3/ofcwail/;0;0;
a9ced840a745a24c;reddit;London;2026-04-10T08:59:19.000Z;;;. Good question! Off the bat I’ll say that it really depends on how strong the club lounge offering is at the specific hotel. For example, I stayed at the Langham in London recently and in that case the club-level booking made more sense than upgrading. Their lounge has good evening drinks, decent food, breakfast, and it’s open most of the day, so if you’re in the city for a few days it ends up replacing a lot of smaller purchases (coffee, snacks, quick drinks before heading out). In contrast, at some luxury hotels the “lounge” is basically just breakfast and maybe some canapés, in which case I’d absolutely book the base room and rely on status upgrades + breakfast benefits. So for me the deciding factors are: - how good the executive/club lounge actually is - whether the hotel has expensive F&B where the lounge offsets that - how reliable upgrades are at that property;https://www.reddit.com/r/awardtravel/comments/1shh011/what_are_the_pros_of_booking_a_suiteclub_vs/ofcimvu/;1;1;
dd5609565fbe5278;reddit;Paris;2026-04-10T10:02:32.000Z;;;. That’s solid reasoning for the Opinel then. And I’ve got a few of them myself. Whatever you end up with you’ll find some nice knives in France. Enjoy the trip.;https://www.reddit.com/r/knives/comments/1shfo1p/where_to_get_souvenir_knives_in_europe/ofcpsvr/;1;1;
a640dd76a1c19a61;reddit;Rome;2026-04-10T06:35:32.000Z;;;. I would eliminate like half of the stops. Which ones is up to you. Give yourself time to breathe and go with the flow. Take trains everywhere -- don't bother flying. Take the weather into consideration! August/September in the UK is dramatically different from October/November. Unless you *love* rain. Look into cultural events that you might want to attend. The worst feeling is arriving somewhere and learning you just missed a big event/festival/match by a week. I'm talking like Octoberfest in Germany or Fringe Fest in Edinburgh. I've been to many of these places and my favorite spots are Italy, Scotland, and Prague. I would love to go spend a month in Italy or Scotland again. In Scotland, rent a campervan for a week and explore the Highlands. It's the ultimate way to experience it and the camper culture is very welcoming. You can literally just pull over and sleep (almost) anywhere. Just don't leave a mess. Finally, check out [ They're all over Europe. Great thing to do on the first day in a new city. Helps set the context, get your bearings, and you'll have a local guide that can answer all your questions. Oh and bravo to you for planning this far in advance. Just don't over plan it -- seeing where the wind takes you is part of any true backpacking adventure.;https://www.reddit.com/r/backpacking/comments/1sha7df/first_time_backpacking_europe_for_3_months_in/ofc2n0g/;1;1;
8b5f72e8f5fe8817;reddit;Athens;2026-04-10T02:37:06.000Z;;;. Well, it's a 12 hour overnight flight and I'm planning on (aka HOPING) we will sleep most if not all of the flight from Boston to Athens, so we are adjusted to the time change and are waking up fresh and ready to go on a full day of sightseeing in Athens. I'm okay with only doing one museum. My husband is very ADHD and while we're both nerds, his is more hands on, where I am the academic who could spend all day in a museum. So one good, interesting museum is a good compromise. From what I've read, the only real archeological thing to see directly in Athens is the Acropolis, is that correct? We'd both poke around at an archeology site for hours.;https://www.reddit.com/r/GreeceTravel/comments/1sh922e/honeymoon_itinerary_please_critique/ofb5xsm/;1;1;
426d0028f6d8ca11;reddit;Athens;2026-04-10T04:31:41.000Z;;;"I haven't read anything about your resort, but if it claims its food is authentic then it must go way beyond the ""meat on a stick"" Greek restaurants you find in the States. In that case you should expect the following to appear in the menu at some point:

Pastitsio 

Moussakas

Briam

Imam bayildi 

Papoutsakia 

Horta 

Fava (from split peas, not fava beans)

Tzatziki

Melitzanosalata

Tirokafteri 

Zucchini fritters 

Stuffed zucchini flowers 

Tomato fritters 

Tomato salad 

Greek salad

Olives on their own (not just kalamatas) 

Makaronia me kima 

Hylopites 

Giouvetsi 

Oven-baked lemon potatoes 

Oven-baked lamb or chicken or goat 

Fasolada 

Fasolakia 

Lentil soup 

Fish soup

Gemista 

Spanakopita 

Tiropita 

Anything-pita (pita = savoury pie) 

Tiropitakia 

Stifado (veal, rabbit or octopus) 

Youvarlakia (personal favorite) 

Kokkinisto

Katsikaki Katsarolas (stovetop goat) 

Grilled fish (too many varieties to list) 

Shrimp spaghetti

Astakos spaghetti (Greek lobster)

Karavides (langoustines) 

Mussels 

Kalamarakia 

Octopus (grilled) 

Souvlaki 

Lamb, spitroasted 

Kontosouvli 

Splinantero 

Loukaniko

Pork chops 

Lamb chops 

Bifteki

Several types of bread 

Cheeses (There's feta, but then there's a long list of other cheeses that you don't see in States: kasseri, graviera, kefalotyri, kefalograviera, myzithra---fresh and dried---manouri, anthotyro, metsovone, ladotyri, kopanisti, galotyri, xinotyri, and others. Availability depends on what part of Greece you are in.) 

That's off the top of my head. 

So, by referring to the above you'll be able to check how authentic places really are. Personally, I'd try to stay away from the stuff that you do see in the States. So much more food to explore here! 

As far as Athens attractions go:

Acropolis (Parthenon and nearby buildings) 

Odeon of Herodes Atticus

AM 

NAM 

Ancient Agora 

Panathenaic Stadium

Syntagma, change of the guards 

Benaki Museum

Museum of Cycladic Art

Mount Lycabettus 

Mount Philopappos 

Museum of Islamic Art

Athens National Garden 

Zappeion 

Ermou St (shopping) 

Church of Kapnikaréa

And of course the neighbourhoods of Plaka, Monastiraki, Psirri, and Anafiotika. 

Or you could do a food tour of Athens. 

That's more than enough. Note that most of the above are walking distance from Acropolis.";https://www.reddit.com/r/GreeceTravel/comments/1sh922e/honeymoon_itinerary_please_critique/ofbn6br/;0;0;
72ccfe3fb93df6cf;reddit;Lisbon;2026-04-09T20:44:52.000Z;;;Finding some awesome options in Ericiera ;https://www.reddit.com/r/solofemaletravellers/comments/1sgzjdb/advice_on_where_to_spend_a_few_days_on_the_beach/of9d5bt/;0;0;
3062f73da0233f4c;reddit;Amsterdam;2026-04-08T14:01:07.000Z;;;. The NL is significantly more trans friendly than the UK, you'll be fine Things I'd actually advise you on: 1. Get Amsterdam tourist tickets to use public transport, cheapest way to daytrip the city 2. Food ain't cheap at the touristy places. You're best off using LIDL Bakery, Albert Heijn bakery etc or Bullewijk IKEA 3. In the city centre/red light district, pay attention to your surroundings for pickpockets 4. If you need the toilet for free, hold off until Amsterdam Centraal, then find any train that isn't leaving for the next 10 mins and piss in that. Saves you a euro or two per piss;https://www.reddit.com/r/transgenderUK/comments/1sfthj9/traveling_to_amsterdam_first_time_going_abroad/oezwr8y/;1;1;
90a68224aa4c1916;reddit;Athens;2026-03-06T15:38:28.000Z;;;Thanks a lot! This is very useful. I want to keep at least one line in the cover letter about future trips so that  I can ask for a single-year multiple-entry visa, since my opening line is about the type of visa I want. Or should I not mention that at all??;https://www.reddit.com/r/SchengenVisa/comments/1rmf0sl/greece_schengen_visa_refusal_please_help_me/o8zcctm/;0;0;
7d955b8181cd287a;reddit;Lisbon;2026-04-09T07:47:16.000Z;;;. Just got back from the south and did the Benagil cave and there is still one cave that some kayak tours pull you onto the beach;https://www.reddit.com/r/Algarve/comments/1sg9crm/going_to_portugal_this_summer/of5c7oj/;1;1;
7f0095726a45c4cc;reddit;London;2026-04-10T10:07:59.000Z;;;". Congratulations and well done! Please be sure to give us an update after your trip! While it's not an immersion trip, I will bet that you'll have some interesting conversational ""wins""!";https://www.reddit.com/r/dreamingspanish/comments/1shhqwc/speaking_makes_it_all_feel_worth_it_a_600_hour/ofcqgfq/;1;0;
51d367b6c9f54718;reddit;Athens;2026-04-09T21:07:16.000Z;"Feasible &amp; Recommendations!";;Feasible & Recommendations!. Hello! I'm finally planning my greek honeymoon and am looking for some input on where to stop in our road trip and if our itinerary is possible. June 29: arrive at thessaloniki airport, drive and spend the night in litochoro June 30: Either e4 path or start from Gortsia and hike to christos kakkalos refuge. July 1: Summit Mytikas (hopefully) spend night in litochoro July 2nd: Explore Litochoro, drive to Delphi, stopping in volos for lunch July 3rd: morning/afternoon in Delphi, drive to nafplio July 4th: nafplio, go the epidarus in the evening July 5th: Boat to Sifnos July 6-9: sifnos July 9-12: athens big questions I have is: 1. where should we stop betweeen litochoro and delphi? is volos a good option, is there a huge site we're missing? 2. where should we stop between delphi and nafplio? should we spend the night somewhere else or give ourselves the whole day in nafplio?;https://www.reddit.com/r/GreeceTravel/comments/1sh2dc6/feasible_recommendations/;1;1;
ab87b0433020a1a3;reddit;Rome;2026-04-01T12:26:15.000Z;;;Looking forward to seeing guides outside of Europe.;https://www.reddit.com/r/spinalcordinjuries/comments/1s9agux/accessible_travel_europe_paris_london_barca/odoksn2/;0;0;
548556f1a365e36a;reddit;Paris;2026-04-09T03:59:56.000Z;;;"Yeah okay, lets get past the 2 paragraphs since you cherry picked them (and also ignored them but okay)

&gt;It’s just false it’s a cope narrative to justify exploitation.

Nope, it’s not a cope narrative it’s literally debunked by Marx in his 3rd book who tries to save his work when he realized that maybe copying Ricardo was so good then by Otto Neurath who was a **socialist** (since you try to debunk Mises). Also, socially necessary labour time don’t solve the problem of value but it just move in a circular loop, like let’s take Marx words okay? “It’s the labor time required to produce a use-value under normal conditions with average skills that determine whats socially necessary”, and it’s been debunked, because who determines if a product has use-value? or even if the labor was socially necessary in the first place? The consumers yeah, if society decides they don’t want steel chair anymore the SNLT of those chairs drop to zero regardless of the average skills used used. I see what you are doing here and you’re using subjective value to define the boundaries with labor theory then just pretending the labor is the source, just no, let’s just accept that SNLT is a rug and Marx hides the fact that the subjective demand is the actual arbiter of value.
Also you claim that subjective theory of value which we use every single day is unquantifiable while the labor time is consistent. I mean dude THIS is a cope narrative, since prices are the quantification of subjective value and everytime you buy an item X (lets say X) for 3$ you quantify that the item X is worth more to you than the 3$ in your pocket okay? The labor time value instead, if it was mathematically workable you could literally predict the price of a commodity without lookin at a market, but we all know we can’t! Even Marx couldn’t! He spent the ENTIRE third volume of Das Kapital failing to solve the **transformation problem** , he literally ADMITTED communism had this problem 

&gt;Einstein

Dude. Einstein. Math is 1+1=2. Einstein provided a descriptive theory of the physical universe, if Einstein was a war lord, E would still equals mc2, lol. Marx instead provided a critique **of human action** , something different dont you think? 

&gt;Labour time value predicts results from Japan to Sweden! 

Gosh, no? They are 2 of the most high tech and capital intensive economies in the world, in their system the value is driven by innovation, intellectual property AND **automated capital** factors. Marx said this was “dead labor” by the way, he also said that the way these 2 country works won’t create any value, and with labour time value a factory of 100 people should produce and make more than a fully automated 5 workers factory, yeah, we both know this isn’t true or else Toyota won’t be the top 1 supplier of cars 

Also please read this fully. You can’t judge a person who spent YEARS of his life reading about this theory, reading about more theories, having multiple arguments both irl and online about this, you dodged a whole good argument.";https://www.reddit.com/r/DebateCommunism/comments/1sge0ai/confutation_of_communism_wrote_by_me_part_1/of4k8jg/;0;0;
9aa433eb4eae0e4e;reddit;London;2026-04-10T10:59:31.000Z;24M visiting ! Twinks to the front DM me ASAP if you’re around central London .;;"Images:
	https://preview.redd.it/jv1np3oxgcug1.jpeg?auto=webp&amp;s=fe966a1873dfd5cfd69546962481c580ffb0eaf1";https://www.reddit.com/r/TwinksUK/comments/1shj98q/24m_visiting_twinks_to_the_front_dm_me_asap_if/;0;0;
02e387b63a70f447;reddit;Rome;2026-04-10T06:05:55.000Z;;;". Hi, I'll start with food. Are you a ""steak and potatoes"" kind of person, or does meat go beyond that hunky slab of red muscle? The Old World is full of excellent dishes that are meat yet NOT muscle. As for the towns, Tivoli is in the immediate suburbs of Rome so everybody is in a perennial hurry. You may be looking for places farther away, may I suggest Narni (whose underground tunnels inspired Narnia) or Perugia, Spoleto, Orvieto, Todi. In other words, Umbria. Tuscany is overridden with tourists in fifty shades of gr... American accents 😉";https://www.reddit.com/r/ItalyTravel/comments/1shdxwv/best_hidden_gem_towns_near_rome/ofbz4xx/;1;1;
de5c45ee9771c317;reddit;Prague;2026-04-10T09:16:20.000Z;;;. for meeting locals try couchsurfing hangouts or the r/czech discord, both are solid for connecting before you go. when i was planning my first solo trip Zenvoya sorted all my logistics so i could focus on the social side instead of stressing about bookings.;https://www.reddit.com/r/czech/comments/1sh8vsp/planning_a_solo_trip_to_the_czech_republic_next/ofckhku/;1;1;
4fcfa2aa3618f1dc;reddit;Barcelona;2026-04-07T16:48:39.000Z;Why do American and European tourists feel entitled to other countries;;"okay the title may be a little bit misleading but basically what I'm saying is why do so many American and European tourists think because they use the USD and euro they think they are doing us a fair by being here and deserve some kind of special treatment 

I'm South African and I have never had an issue with tourists at all infacf i think tourism is great it brings money exposure and all of that but lately especially in Cape Town the entitlement is just getting out of hand I was there in December last year which if you are South African you know December is literally like a whole another month like it's our time it's awesome it's our holiday because it doesn't snow and it's just summer we celebrated in a specific way and enjoyed in this specific way and the amount of European tourists was insane again it's not the amount of people that are coming that is the problem it's more of the attitude but they bring my friend and I were literally in a line at a cafe waiting like normal people and this guy he was a German guy on a call just walk straight past everyone and tries to order no excuse me no awareness nothing we tell him politely to get to the back and he ignores us and then when it comes becomes an issue he's starts going on rant on how he's helping our country because his European euro is like contributing or something like that. 

Which took me aback cause why does he think that he deserves special treatment just cause of his nationality. And I thought maybe he's just like that, but I've noticed  this mindset on social media as well like a few weeks ago on tiktok i was watching this video from this african-american woman and she was basically saying that she has been in South Africa for three years and she and her words quote ""I have been putting money and pouring money into this country"" and basically she said that she applied to extend her visa and South Africa basically denied her and she's complaining on the internet like she deserves to be here. And I saw more who think like like this 

and this isn't something I'm noticing in SA only but other countries like Japan and Hawaii. Especially Hawaii cause why do I see so many Hawaii natives trying to being awareness to over tourism and it's a bunch of Americans and Europeans being so rude and entitled talking about how ""we feed your country"" or ""you should be thanking us"" like why are you guys like this. do y'all leave your respect at the airport or something?? And it's so concerning to me because I see how drained Hawaiian people are and I fear that's going to happen to my country 

I use to think Barcelona was just rude and unfriendly but now I wish my country was like them 🥲";https://www.reddit.com/r/Rants/comments/1sf1ihk/why_do_american_and_european_tourists_feel/;0;0;
6d282f99cd548c5a;reddit;Athens;2026-03-26T03:12:06.000Z;;;🤣 fantastic advice from a silent fart;https://www.reddit.com/r/rome/comments/1s3vhts/sex_tourism/ociljnp/;0;0;
4777c64a4ba75741;reddit;Paris;2026-04-10T10:36:35.000Z;Getting to/and from Paris from DLP?;;"Hi everyone. Myself and 3 adults (🇨🇦) are visiting in July. We are staying on resort at Sequoia, and travelling by transit and/or taxi if necessary. We have the half board meal plan. Our current plan is:

Day 1: Arrive at CDG (10am), get to disney for bag drop/check in, go back and explore paris proper for the day (the louvre, eiffel tower, etc. Hopefully check out some night life as well)

Day 2: Proper top-to-bottom disney day (a few of us are well-versed in WDW planning so hoping that it will be a similar experience)

Day 3: Can either do more park or more paris,  hotel check out, late flight to catch (9pm) For context, the louvre is not open on this day as it is a tuesday.

I know this is a lot in a short timeframe, but is this reasonable to commute to/from the parks like this? What is the best way to get in/out of central Paris? And would the bag drop at the train station be worth it for us or is that a risk? TIA!";https://www.reddit.com/r/disneylandparis/comments/1shitz7/getting_toand_from_paris_from_dlp/;0;0;
cafa2f9ad10c7782;reddit;Barcelona;2026-04-07T08:06:27.000Z;Trying to rebuild my SEO career by building in public (would love your thoughts);;"Hey nice people,

I’ve been stuck in a weird spot career-wise and decided to try something different instead of just sending more CVs into the void.

Quick context: I used to work with SEO/content for around 6 years in a big media company in Brazil (newsroom environment, a lot of data, reports, working with editors, etc.).

Then life happened, I stepped away for a while, and now I’m trying to get back into SEO.

Problem is… I’m applying to jobs and getting basically zero interviews.

So instead of overthinking it, I’m starting a side project.

The idea is simple:

Build a blog where I document SEO case studies in public.

Not “theory” — actual work.

For example:

\* Improving a photographer’s website (my boyfriend’s)

\* Helping small projects from friends

\* Testing things and sharing what works / what doesn’t

Kind of like a “learning + proof of work” project at the same time.

I’m also currently doing a 6-month SEO course to get fully up to date (especially with how things are changing with AI/LLMs), so I’d include that learning in the process too.

Where I’m a bit stuck. I’m not sure if I should:

\- Focus on one niche (tourism, music, etc.)

\- Or just experiment and see what sticks

Part of me wants to focus on tourism (since I’m in Barcelona), but I also like the idea of using this to grow my band organically.

Main goal:

Either turn this into freelance opportunities or use it to actually get hired again.

If you’ve built something similar or have experience with this kind of “build in public” approach:

\- Does this sound like a good move?

\- What would you do differently?

\- Anything you wish you knew before starting?



Appreciate any thoughts 🙏";https://www.reddit.com/r/SideProject/comments/1sepr6h/trying_to_rebuild_my_seo_career_by_building_in/;0;0;
fcf7167ac6cdbe6c;reddit;Barcelona;2026-04-09T22:54:26.000Z;;;This is good advice! ;https://www.reddit.com/r/AskBarcelona/comments/1sh48nm/how_much_do_i_need_to_save_to_be_able_to_study_in/ofa2nyw/;0;0;
c7359e69fae7ca6b;reddit;Lisbon;2026-04-10T09:27:28.000Z;;;I stayed at banana beach hostel in Lagos and loved it. Was about a 20 min walk to the city center but right on the beach;https://www.reddit.com/r/solofemaletravellers/comments/1sgzjdb/advice_on_where_to_spend_a_few_days_on_the_beach/ofclq2e/;0;0;
e05335ff4daf8255;reddit;Barcelona;2026-04-07T14:13:26.000Z;;;"Aw, thanks for your support!  
Yeah, I'm going towards this way - having a blog where I can show my professional journey and side gigs.  
I just need to figure out the best and simpler architecture to get started... :)";https://www.reddit.com/r/seojobs/comments/1sdzozv/not_getting_interviews_for_seo_roles_thinking_of/oet1p1i/;0;0;
6aee7059cf245cfe;reddit;Rome;2026-04-10T10:35:12.000Z;"[H] The Outer Worlds, While True Learn CTO Edition, Metal Eden, Pacer, Rivals Of Aether, Intruder, BL3 Super Deluxe, Circuit Superstars, WWE 2K25, SCP 5K, Labyrinthine, Free Ones, Hurtworld, Persona 5 Royal, Miscreated, Friday 13th, Call To Arms Ostfront &amp; 100s more [W] Wishlist, Paypal (EU)";;"**ATM only looking for WISHLIST games or PAYPAL (F&amp;F if EU) otherwise buyer pays the paypal fees**

**No interest in TF2 keys,CSGO cases,other virtual currency or accounts of ANY kind**

**Only looking for Steam games**...**so don't offer other launchers**

**My** [**Wishlist**](https://store.steampowered.com/wishlist/id/ericsneo666#sort=order) **- have to be logged-in to YOUR Steam account in browser,otherwise it will throw a generic error like ""too many requests"" (Valve fucked something up)**

**Another way to view my** [**wishlist**](https://lestrades.com/@ericsneo666/wishlist/)

**My** [**SGSRep**](https://www.reddit.com/r/sgsflair/comments/a5blco/flair_profile_udinkomaricic/)

**My** [**IGSRep**](https://www.reddit.com/r/IGSRep/comments/b136bp/dinkomaricics_igs_rep_page/)

**100% of my games keys are bought by me from official stores &amp; I expect the same in return,so don't offer me keyshop games (only use it for determining value) or game keys you got in a trade as I will decline**

**I hold the right to ask for proof of ownership for ANY game I want - just like YOU have the right to ask me the same**

**All my games are for Steam unless noted otherwise**

**.....................................................................................**

**ATM on a lookout for Back 4 Blood Deluxe, Killing Floor 2 Digital Deluxe+ Armory Season 1 &amp; 2, Mullet Madjack, Doomed To Hell, Boltgun Forges Of Corruption, Conscript, Hardcore Mecha, Sunrise GP, Slaverian Trucker, Ion Shift, WRC Generations**

**.....................................................................................**

**List of games:**

7 Billion Humans

10 Second Ninja X

12 Is Better Than 6

A Guidebook Of Babel

A Year Of Rain

Aeolis Tournament

Agent Intercept

Agent In Depth

Airport CEO

AI War 2

Alchemist’s Castle

Alien Spidy

Aliens Vs Predator Collection

All You Can Eat

Almost There The Platformer

American Truck Simulator

Amnesia A Machine For Pigs + The Dark Descent (**1 key for both games**)

Aquatico

Aragami

Arcade Spirits (X2)

Archamon

Artisan TD **redeem by May 5th 2027**

Assassin's Creed Valhala **redeem by May 5th 2027**

Athenian Rhapsody

Attack Of The Earthlings (X2)

Automobilista

Autonauts

Avernum 3 Ruined World

Azkend 2 The World Beneath

Back 4 Blood **(EU region lock)**

Band Of Defenders

Bang-On Balls Chronicles

Banished

Barony

Baseball Riot

Batman The Enemy Within

Battlestar Galactica Deadlock

Battletoads

Behind The Frame Finest Scenery

Beholder 2

Betrayer (delisted)

Between The Stars (X2)

Beyond The Wire

Big Crown Showdown

Big Helmet Heroes **redeem by March 3rd 2027**

Bird Of Light

Black Paradox

Blacktail

Bohemian Killing

Book Of Demons

Bomber Crew

Borderlands 3 + Director's Cut **(ask about region locks)**

Borderlands 3 Super Deluxe Edition **(ask about region locks)**

Boreal Blade

Broken Age

Brothers A Tale Of Two Sons (X2)

Buddy Simulator 1984 **redeem by May 5h 2027**

Bus Simulator 21 Next Stop **redeem by September 3rd 2026**

Call Of Juarez

Call Of The Wild The Angler

Call To Arms Basic Edition

Call To Arms Gates Of Hell Ostfront

Car Mechanic Simulator 2018

Castle Doombad Classic

Chenso Club

Children Of Morta Complete

Choo-Choo Charles

Circuit Superstars

CivCity Rome

Clone Drone In The Danger Zone

Company Of Heroes Complete Edition

Content Warning

Cook Serve Delicious

Cook Serve Delicious 3

Cook Serve Forever

Core Keeper **redeem by March 3rd 2027**

Corpse Keeper

Corridor Z

Cosmic Osmo And The World Beyond The Mackerel

Creatures Inc

Crossbow Bloodnight

Crusader Kings Complete

Crumble

Daemon X Machina Titanic Scion **redeem by May 5h 2027**

Dagon The Eldritch Box

Dahlia View

Day Of Infamy

Dead Age

Deadbeat Heroes (X2)

Dear Ester Landmark Edition

Deceive Inc

Deep Dungeons Of Doom

Deep Sky Derelicts

Deliver Us The Moon

Deployment

Destiny 2 Beyond Light

Detached Non-VR Edition

DG2: Defense Grid 2

Diaries Of A Spaceport Janitor

Diluvian Ultra

Dimension Drifter

Divekick

Double Fine Adventures Complete Series Deluxe

Doughlings Arcade

Doughlings Invasion

Draw Slasher

Dreadlands

Drift CE

Driftland The Magic Revival

Drox Operative

Dungeon Marathon

Dungeon Tycoon **redeem by January 6th 2027**

Dungeons 2

Dungeons 2 Complete

Dungeons 3

Dungeons Of Hinterberg

Dusk (X3)

Dwarfs!?

Eador Imperium

EarthX

Eastside Hockey Manager

Effie

Eldest Souls

Elex II

Embr

Emily Is Away&lt;3

En Garde!

Epic Manager

E.T. Armies Deluxe Edition

Eternal Threads

Etrian Odyssey III HD **(EU region lock) redeem by April 7th 2027**

Euro Truck Simulator 2

Evergarden

Evil Genius World Domination

Expeditions Rome

F1 2018 (delisted)

Fantasy Blacksmith

Fantasy Versus

Farmer's Dynasty

Farming Simulator 17

FIA European Truck Racing

Fi Da Puti Samurai

Firegirl

Fire Ungh's Quest

First Class Trouble

For The King Deluxe

Framed Collection (X2)

Friday the 13th: The Game (delisted)

Frog Detective 1 The Haunted Island

Fun With Ragdolls The Game

Gang Beasts

Garage Bad Trip

Garden Life A Cozy Simulator

Gas Guzzlers Extreme

Gauge

Ghostrunner 2

GigaBash

Gloria Victis

Goat Of Duty

Goetia

Going Under

Golf It!

Gori Cuddly Carnage

Gourdlets

Grand Ages Medieval

Grand Pigeon's Duty

Gremlins Inc.

Grip Combat Racing + Cygon + Nyvoss + Terra + Vintek DLC (X2)

Guns &amp; Fishes

Guts And Glory (X2)

Hack'n'Slash (X2)

Hamilton's Great Adventure

Hammerfight

Hard West 2 **redeem by April 7th 2027**

Havendock

Heal

Hellbound

Hello Neighbor 2

Hexologic

Hidden &amp; Dangerous Action Pack

Hidden &amp; Dangerous 2 Courage Under Fire

Hive Jump (X2)

Hiveswap Act 2

Hiveswap Friend Sim (X2)

Hot Brass

Hotel Renovator **redeem by November 4th 2026**

Hotshot Racing

Hot Tin Roof The Cat That Wore A Fedora

Human Resource Machine

Hurtworld

Hyper Demon

Hyper Gunsport

Hyper Sentinel

I Am Not A Monster First Contact

Ice Lakes

Ikonei Island An Earthlock Adventure

I'll Be Brave Tomorrow

Immortal Redneck

Impact Winter (delisted)

In Between

Industria

Inertial Drift + Twilight Rivals DLC

Infinite Air With Mark McMorris (delisted)

Influent

InfraSpace

Instruments Of Destruction

Interplanetary Enhanced Edition

Intravenous

Intruder

Iron Danger

Itty Bitty Toilet Kitty

Izmir An Independence Simulator

Jack Axe

Jalopy

Juanito Arcade Mayhem

Juicy Realm

Jumanji The Video Game

Jump Stars

Jurassic World Evolution

Just Die Already

Keep Talking And Nobody Explodes

Kill To Collect

Killing Time Resurrected **redeem by September 25th 2026**

King Of The Castle

Kingdom Classic (X2)

King Oddball

Labyrinthine

Last Oasis

Last Tide (delisted)

Lead And Gold Gangs Of Wild West (X2)

Legacy Of Dorn Herald Of Oblivion (delisted)

Legend Of Keepers Career Of A Dungeon Master

Leisure Suit Larry Retro Bundle (1 to 7) (delisted)

Light Fall

Like A Dragon Gaiden The Man Who Erased His Name **(EU region lock) redeem by January 6th 2027**

Little Big Workshop

Little Orpheus

Lost Eidolons

Lost Planet 3 Complete Pack

Lost Skies **redeem by January 6th 2027**

Lust For Darkness

Lust From Beyond M Edition

Master Of Magic Remake

Mars Horizon

Marvel Avengers The Definitive Edition (delisted) **(EU region lock)**

Marvel’s Guardians Of The Galaxy **(EU region Lock)**

Marvel’s Midnight Suns Digital+ Edition **(ask about region locks)**

Mediterranea Inferno

Meeple Station

Mega Man Legacy Collection

Mega Man X Legacy Collection **(ask about region locks)**

Men Of War II

Meow Express

Metal Eden

Miasma Chronicles **out of keys on Humble**

Midnight Protocol

Midnight Ramen

Minami Lane

Mini Metro

Miscreated (X2)

Monaco

Moon Hunters

Morbid The Seven Acolytes

Motorcycle Mechanic Simulator 2021

Mount And Blade Warband

Mr. Prepper

Mutant Year Zero Road To Eden

My Lovely Daughter

Naheulbeuk's Dungeon Master

Naruto To Boruto Shinobi Striker

Nascar Heat 5 Ultimate (delisted)

NecroVisioN Lost Company

NecroWorn

Neighbours Back From Hell

Neo Cab **redeem by July 1st 2026**

NeuroVoider

Neverout

Nickelodeon All Star Brawl (X2)

Ninjin Clash Of Carrots

Nippon Marathon

No Time To Relax

Nomad Survival

No More Heroes 3 **redeem by December 2nd 2026**

Northgard

Nova Lands

Oaken

Octahedron

Of Orcs And Men

Old School Musical

On Rusty Trails

Onikira Demon Killer

Orbital Racer (X2)

Original War

Orwell Ignorance Is Strength

Out Of Reach Treasure Royal

Overcooked

Overlord II

Overpass

Override Mech City Brawl

Owlboy

Ozymandias Bronze Age Empire Sim **(EU region Lock)**

Pacer

Paint The Town Red (X3)

Paper Fire Rookie

Paquerette Down The Bunburrows

Pathfinder Wrath Of The Righteous Enhanced Edition

Paw Paw Paw

Payday 2

Peak

Peaky Blinders Mastermind (delisted)

Penarium

People Playground

Persona 5 Royal **(Europe region lock) redeem by September 2nd 2026**

Persona 5 Strikers **(EU region lock)**

PGA 2K21 (delisted)

Picture Everything Puzzle Cross Galaxy

Pill Baby

Pinball FX Indiana Jones Pinball Adventure Legacy Bundle

Pinstripe

Pixplode

Pixross

Plane Mechanic Simulator

Planet TD

Planetary Annihilation Titans

Poöf

Popup Dungeon

Pound Of Ground (X2)

Postal 4 No Regerts

Postal Brain Damaged Connoisseur Edition (X2)

Primal Carnage Extinction

Prodeus

Project Cars GOTY (delisted)

Project Warlock

Pumped BMX+

Pumpkin Jack

Purrfect Date

Quadrata

Quest Of Dungeons

Radio Commander

Rad Rodgers Radical Edition

Railroad Tycoon 2

Railroad Tycoon 3

Railway Empire

Rebel Cops

Rec Center Tycoon

Red Solstice 2 Survivors

Redout Enhanced Edition

Redout 2

ReFresh

Re-Legion

Remnant From The Ashes Complete Edition

Remnants Of Naezith

Remnant Records

Resident Evil HD Remaster

Retimed

Reventure

Ring Of Pain

Riot Civil Unrest

Rise Of Industry

Rise Of Insanity

Rivals Of Aether

Roarr! The Adventures Of Rampage Rex

Robocop Rogue City

Rogue Heroes Ruins Of Tasos

Rogue Lords

Rogue Stormers

RPG Maker VX

Rustler (Grand Theft Horse) (X2)

Rusty Lake Roots

Saints Row 2023 **(ask about region locks)**

Salt And Sanctuary

Satellite Reign

Saturday Morning RPG

SCP 5K

Serious Sam BFE

Serious Sam Classics Revolution

Serious Sam Double D XXL

Serious Sam HD The First &amp; Second Encounter (**1 key for both**)

Serious Sam HD The Second Encounter Legend Of The Beast

Serious Sam HD The Second Encounter Serious 8

Serious Sam The Random Encounter

Shady Part Of Me

Shapez

She Will Punish Them

Sherlock Holmes And The Hound Of Basketvilles

Sherlock Holmes Chapter One

Sherlock Holmes Nemesis

Sherlock Holmes The Awakened 2008

Sherlock Holmes The Devil's Daughter

Sherlock Holmes The Mystery Of The Persian Carpet

Sherlock Holmes The Secret Of The Silver Earring

Sherlock Holmes Versus Jack The Ripper

Shing!

Shock Troopers

Shogun's Empire Hex Commander

Shotgun King The Final Checkmate **(EU region lock)**

Shooty Shooty Robot Invasion

Sid Meier's Civilization VI

Sid Meier's Railroads

Simulacra Collection

Skeletal Avenger

Skullgirls 2nd Encore

Skully

Slayers X Terminal Aftermath Vengance Of The Slayer

Slinger VR

Smoke And Sacrifice

Sniper Elite V2 Remastered

Sniper Elite 3 + Season Pass

Sniper Elite 4 Deluxe

Sniper Elite 5

Soul Searching

Soulblight (X2)

Soulflow

Spacebase DF-9

Space Crew Legendary Edition

Space Hulk Ascension (delisted)

Sparkle 2

Sparkle Unleashed

Spellforce Conquest Of Eo **redeem by October 7th 2026**

Spelunx And The Caves Of Mr. Seudo

Spin Hero **redeem by December 2nd 2026**

Spirit of The Island

Stacking

Starsand (X2)

Starship Troopers Terran Command

Star Wars Knights Of The Old Republic

State Of Mind

Steel Rats

Steelrising

Sticky Business

Stikir

Story Of Seasons Pioneers Of Olive Town **redeem by November 4th 2026**

Streets Of Fury EX

Streets Of Rage 4 **redeem by January 6th 2027**

Strider

Struggling

Stuffed

Stygian Reign Of The Old Ones

Suchart Genius Artist Simulator (X2)

Sunlight

Sunset Overdrive

Super Indie Karts

Super Magbot

SurrounDead

Swag And Sorcery

Sword Legacy Omen

Swords And Soldiers 2 Shawarmageddon

Swords And Souls Neverseen (X2)

Syberia II

Syberia 3 Deluxe Edition

Symmetry

Symphony Of War The Nephilim Saga

Syndrome

Synergy **redeem by December 2nd 2026**

System Shock Enhanced Edition

Table Manners The Physics-Based Dating Game

Tabletop Playground

Tacoma

Take On Helicopters

Tails Noir (X2)

Tales From Candlekeep Tomb Of Annihilation (delisted)

Tales Of Monkey Island Complete Pack

Talisman Digital Edition + City,Frostmarch,Sacred Pool **(trading only as a bundle)**

Tango Fiesta

Tank Mechanic Simulator

Telefrag VR

Teleglitch Die More Edition

Tennis In The Face

Tennis World Tour

Tesla Force

Tesla Vs Lovecraft

Tharsis (X2)

The Amazing American Circus (X2)

The Ambassador Fractured Timelines

The Adventure Pals

The Battle Of Polytopia Moonrise Deluxe

The Blackout Club

The Dark Pictures Anthology House Of Ashes

The Dungeon Of Naheulbeuk The Amulet Of Chaos

The Enchanted Cave 2

The Entropy Centre

The Falconeer Revolution Remaster

The Free Ones (delisted)

theHunter Call Of The Wild

The Inner World

The Invisible Hand

The Journey Down Chapter Three

The King Of Fighters 2002 Unlimited Match

The Lamplighters League **out of keys on Humble**

The Last Stand Legacy Collection

The Lord Of The Rings Return To Moria **redeem by May 5th 2027**

The Manhole Masterpiece Edition

The Mims Beginning

The Night Of The Rabbit

The Outer Worlds

The Outer Worlds Spacer’s Choice Edition

The Procession To Calvary **redeem by May 5th 2027**

The Quarry Deluxe Edition **(ask about region locks)**

The Red Lantern

The Serpent Rogue

The Signifier Director's Cut

The Testament Of Sherlock Holmes

The Textorcist The Story of Ray Bibbia

The Uncertain Last Quiet Day (X2)

The Walking Dead Season 1 + 400 Days

The Walking Dead The Telltale Definitive Series

The Wild Eight (X2)

The Wolf Among Us

There Is No Light Enhanced Edition

These Doomed Isles

Think Of The Children

This Means Warp

Thronebreaker The Witcher Tales

THOTH

Timeshift

Time Recoil

Time Rift

Tin Hearts

Tiny Life

Toejam &amp; Earl Back In The Groove

Tohu

Torchlight

Total Tank Simulator

Total War Warhammer III (X2) **(EU region lock)**

Toto Temple Deluxe

Tower Of Time (X2)

Townsmen A Kingdom Rebuilt

Toybox Turbos (delisted)

Tracks The Train Set Game

Trail Out (X2)

Train Valley 2

Treasure Hunter Simulator (X2)

True Fear Forsaken Souls Part 1

Tunguska The Visitation

Twin Mirror (X2)

Two Point Campus

Unloved

Until Then **redeem by May 5th 2027**

Valthirian Arc Hero School Story

Vane

Velocibox

V Rally 4

Wanted Dead

Warhammer 40K Battlesector

Warhammer 40K Chaos Gate Daemonhunters

Warhammer 40K Inquisitor Martyr

Warhammer 40K Inquisitor Prophecy

Warhammer Age Of Sigmar Realms Of Ruin Ultimate Edition

Warhammer End Times Vermintide

Warlock Master Of The Arcane

Warpips

Warsaw

Wasteland 2 Director's Cut

Wasteland 3

We Are The Dwarves

We Should Talk

West Of Dead

Western Press

When Ski Lifts Go Wrong

While True: Learn( ) Chief Technology Officer Edition

White Day: A Labyrinth Named School

Who Pressed Mute On Uncle Marcus?

Winter Burrow

Wolfstride

Wooden Sen'SeY

Wordatro!

Worms Revolution

Worms Rumble (X2) + Legends DLC

WWE 2K23 **(ask about region locks)** (delisted)

WWE 2K25 (**ask about region locks) redeem by October 7th 2026**

XEL

Xenoraid The First Space War

X Morph Defense Complete Pack

X Morph Defense + European Assault + Last Bastion + Survival Of The Fittest (**1 key for all**)

XIII Classic

Xuan-Yuan Sword The Gate Of Firmament

Yet Another Zombie Defense HD

Ylands Exploration Pack

You Suck At Parking Complete Edition **out of keys on Humble**

Zack 2 Celestine's Map

Zero Hour **redeem by April 7th 2027**

ZIC Zombies In City

Zombasite

Zombie Army 4 Dead War

Zombie Army Trilogy";https://www.reddit.com/r/GameTrade/comments/1shit2k/h_the_outer_worlds_while_true_learn_cto_edition/;0;0;
36c6050ad5d0a8bb;reddit;Amsterdam;2026-04-04T11:27:47.000Z;;;. Maybe you should call it nomad tourism? Or something other than dark? You are immediately setting expectations of negativity using the word dark.;https://www.reddit.com/r/urbancarliving/comments/1saeovw/looking_for_insights_into_car_living_in_the_us/oe8kjio/;1;0;
860fb2ee60a24f50;reddit;Prague;2026-04-10T01:40:58.000Z;Planning a solo trip to the Czech Republic next year — looking for advice on meeting locals / not feeling alone;;Planning a solo trip to the Czech Republic next year — looking for advice on meeting locals / not feeling alone. Hi everyone! I’m from the US and planning a solo trip to the Czech Republic next year (maybe one friend joins, but I’m preparing to go alone). This will be my first international solo trip, so I’m still figuring out how to plan everything. I really want to visit Prague, Kutná Hora, castles, markets, and just explore the culture/history. My biggest worry honestly isn’t logistics — it’s feeling alone and a little unsafe in a new country by myself. Because of that, I’d love to connect with locals (ideally people in their early 20s like me) who might be open to hanging out, showing me around, grabbing food/drinks, or even hosting for part of the trip. I’m totally happy to contribute/pay — I’m not looking for a free ride, just a more social and less intimidating experience. I’d love advice on: • Safe/reliable ways to meet locals before the trip • Platforms or communities where people are open to this • Tips for solo travel in the Czech Republic • Anything you wish you knew before your first solo Europe trip Thanks so much 🙏;https://www.reddit.com/r/czech/comments/1sh8vsp/planning_a_solo_trip_to_the_czech_republic_next/;1;1;
3a960d50236a5c93;reddit;Paris;2026-04-10T10:59:38.000Z;This post was at least 20k words. This is just a sample.;;"Thumbnail: https://preview.redd.it/de409giygcug1.jpg?width=140&amp;height=140&amp;crop=1:1,smart&amp;auto=webp&amp;s=2f9dc0cf5fba40587d39f3da912ce525610686ed";https://www.reddit.com/r/insanepeoplefacebook/comments/1shj9ba/this_post_was_at_least_20k_words_this_is_just_a/;0;0;
0077a987d1c3274a;reddit;Lisbon;2026-04-10T09:18:28.000Z;;;"Hi CriticismSquare216, thanks for your comment! Unfortunately it's been removed for the following reasons:

* Posts containing spam, other self-promotional content (including surveys or market research) or links to a blog/vlog are not permitted and may lead to a ban. Commercial content, including stealth market research, app development, or promoting your tour company or service, is strictly prohibited. Links to genuinely personal and non-promotional travel content (e.g. your personal blog) can be posted in the ""Weekly Common Room / General Chatter"" thread.";https://www.reddit.com/r/solotravel/comments/1sgzf5i/advice_on_where_to_spend_a_few_days_this_summer/ofckq65/;0;0;
f7cd08275b2b1a2c;reddit;Rome;2026-04-01T04:57:54.000Z;;;"Appreciate the accessible reviews of European cities. 

I wish we had more of this on the sub. 

I want to make it to London and Amsterdam one day!";https://www.reddit.com/r/spinalcordinjuries/comments/1s9agux/accessible_travel_europe_paris_london_barca/odn1kij/;0;0;
6a4e36c43bea075f;reddit;London;2026-04-10T10:37:44.000Z;;;"I don't work for any of those airlines, but where I work that would be a non-issue. There could be myriad good reasons one of a party is not using their return ticket. Sometimes someone will mention to us that one person in the party is not traveling, but if they didn't we would be none the wiser. Only the person who doesn't travel will lose their ticket.

Of course, caveat caveat ask your airline if you want peace of mind.";https://www.reddit.com/r/Flights/comments/1shiozb/five_outbound_passengers_but_only_four_inbound/ofcu5d8/;0;0;
4aabbcc3a7682016;reddit;Amsterdam;2026-04-10T06:51:09.000Z;;;Buying a seat is the only way, IMO! Definitely support that. If you can manage luggage, the Heathrow express (train) is fast and efficient. Otherwise, use the car seat you have for the flight in a cab/advance booking livery car (Addison Lee is good, IME). Can’t speak to AMS as it’s been so long since I’ve traveled in to Schiphol. ;https://www.reddit.com/r/NewParents/comments/1sh9wat/traveling_to_europe_with_8_month_old_all_advice/ofc4gdc/;0;0;
8da9f2128b773b6b;reddit;Amsterdam;2026-04-10T10:54:32.000Z;;;. Well, depending on your budget, I’d definitely recommend looking into a few local tour guides. Not only for safety, but also because people can sometimes take advantage, especially if they hear you have an accent. It’s just something to be mindful of. Your family in New Amsterdam will be great for showing you around and giving you that personal connection. But for the full experience, the history, culture, and really understanding the country, a good guide will definitely scratch that itch. Most of the main social areas and public parks in Georgetown are generally safe once you don’t stand out too much and you’re mindful of the time of day. Having a family member with a car would be a big plus, because you’ll be doing a lot of driving. I don’t know too much about New Amsterdam, but that said… Stabroek Market area....yeah, I wouldn’t recommend going through there alone with your daughter or by yourself. A few simple rules I personally follow: * Don’t stay on your phone in public for too long (quick texts/calls only) * Use a base taxi in the evenings, your hotel can arrange that. Avoid roadside taxis at night unless you absolutely have to or you’re with someone * Walk with just enough cash for the day, not everything. And I’ll be honest, I’d avoid public transportation. It’s probably the most “authentic” Guyanese experience you can get… but the way some of them drive might take a few years off your life 😂 Guyana is a beautiful country though, once you have a sense of humor, you’ll enjoy every bit of it. Have a great trip.;https://www.reddit.com/r/Guyana/comments/1shi0da/i_am_of_guyanese_heritage_and_i_am_travelling/ofcwe92/;1;1;
5f3cd3f7f3c980f7;reddit;Athens;2026-04-10T00:35:28.000Z;;;. I'd love to go. I'm in Athens for a few days this summer, and trying to decide on a day trip to Mycenae or Delphi (or Cape Sounion for the Temple of Poseidon). I doubt I'll be able to convince my family to do all three!;https://www.reddit.com/r/ancientgreece/comments/1sh6yyf/delphi_is_one_of_the_most_stunning_places_ive_been/ofaktgv/;1;1;
1ace5d246b94d69b;reddit;Amsterdam;2026-04-05T04:00:27.000Z;"Weekly Q&amp;A - All Questions Go Here (Especially Tourists)";;"Weekly Q&A - All Questions Go Here (Especially Tourists). This is the place for anyone to ask questions about Amsterdam. If you are a tourist visiting Amsterdam, you are moving to or recently arrived in Amsterdam, or you just have a basic question about life in Amsterdam and want some advice, this is the place to post your question. This post is refreshed every week on Sunday. Please feel free to repost in subsequent weeks. **READ THE WIKI FIRST.** The people answering questions are locals who want to share the city they love with visitors, but only with people who make an effort. Read at least the Essential Tourist Information in our [world-famous wiki]( before you ask a question. Otherwise, you may be told to go back and read it. The wiki is written by us, and updated when relevant. If the entries are old it's because nothing has changed. There are no ""hidden gems"" that we have not already included in the wiki. You may also check [wikivoyage]( for more general tips on everything that is Amsterdam. **HOTELS ARE EXPENSIVE AND WE DON'T HAVE GOOD ADVICE ON THEM.** Because we live here, we don't know what the best hotels are. Amsterdam is one of the most touristed cities in the world and has the [highest hotel prices]( in Europe and prices [go up every year]( The city is deliberately [trying to reduce tourism by raising the prices]( There really isn't a secret ""cheap"" solution. Most ""Airport"" hotels are not connected to the Airport and will be more trouble getting to than it's worth. **TOURISTS CAN PURCHASE MARIJUANA, DESPITE WHAT YOU READ IN FOREIGN PRESS.** Understand that the coffeeshops are just a tiny part of Amsterdam, so posts that treat Amsterdam like it's the Las Vegas of drugs sometimes get a negative response. We're happy to give you advice about coffeeshops and to discuss drug policy. The experts are our friends at /r/AmsterdamEnts, ask them the big questions. **WE DON'T HELP WITH ILLEGAL STUFF AND WILL BAN YOU FOR ASKING.** We will not help you with things that are clearly illegal. Coffeeshops caught selling to minors get shut down and everyone loses their jobs. Authorities check for people smuggling marijuana out of the country. Hard drugs are illegal and so is asking for or selling them on Reddit. **WE DON'T ALLOW TICKET SALES OR TRADING.** We do not allow selling, buying, or trading tickets on /r/Amsterdam due to the high rate of fraud. You should do everything on ticketswap.nl. We're aware that is difficult to get tickets to Anne Frank, van Gogh, etc. We have no solutions for you, sorry. **RED LIGHT DISTRICT** Please be respectful and keep in mind this is a citysubreddit, and not your personal kink google. You can also can get some good tips from these threads of RLD sex workers: [here]( and [here]( **USE PUBLIC TRANSIT TO GET AROUND** 9292.nl is a great resource for plotting your movement around the city and between Amsterdam and other places. We strongly recommend against using taxis or Ubers. **DOE AARDIG.** There is Dutch directness and there is rudeness. The people coming here don't know how we do things, and are usually well-meaning people who just want to enjoy the city we love. Be kind to them. For the tourists and new residents, please remember that we are not Google; respect our time by doing some basic research first and then asking your questions like you're speaking to a real human who is volunteering to speak to you. [Here is what's on at the major venues this week](";https://www.reddit.com/r/Amsterdam/comments/1sctnsc/weekly_qa_all_questions_go_here_especially/;1;1;
dacb066696f1b3bc;reddit;London;2026-04-10T08:54:23.000Z;;;"I didn't realise this was a store exclusive so didn't pick one up when it released lol.


Also you got your copy mighty fast!";https://www.reddit.com/r/aphextwin/comments/1shgt89/who_needs_words/ofci3lr/;0;0;
5516c616e43d5ae3;reddit;Barcelona;2026-04-08T14:30:26.000Z;;;"Fair wage depending on where you live. If you live in the middle of nowhere, yes. In any other city, big or small, no. 
Asking a lot for a 19k starting wage";https://www.reddit.com/r/RemoteJobs/comments/1sfsf8k/100_remote_customer_success_account_manager_with/of02zs7/;0;0;
58f7daf9f5cf25d7;reddit;Amsterdam;2026-04-09T21:23:10.000Z;"📌 Megathread: International Visitors &amp; Vacationers – FAQ + Dutch Swinger Clubs Guide (English)";;📌 Megathread: International Visitors & Vacationers – FAQ + Dutch Swinger Clubs Guide (English). # Welcome international swingers! We often get visitors from abroad asking the same questions about visiting a Dutch swinger club during their holiday. In this megathread you’ll find the most frequently asked questions and a clear overview of the clubs, grouped by type. **Important notes:** * Always check the latest opening hours, tickets, rules and calendar on the club’s own website (things can change). * Reservations are almost always required. * Most Dutch people speak good English, but smaller or more local clubs tend to be more Dutch-speaking. FAQ can be found here! – ± 5-15 minutes from Amsterdam Centraal** *Relaxed erotic bar with play areas in the heart of Amsterdam. Casual vibe, bilingual website, low threshold and mixed/international crowd. Easy to reach without a car.* [\[Thread1\]]( [\[Thread2\]]( **Club Paradise** – ± 15-25 minutes from Amsterdam Centraal** *Middle-sized club with sauna, steam bath, dance floor and darkrooms. Good location for visitors staying in Amsterdam.* [\[Thread1\]]( **Club Showboat** – ± 20-30 minutes from Amsterdam Centraal** *Club located on a boat with themed events. Accessible from Amsterdam by train or taxi.* [\[Thread1\]]( **Club Luxoria** – ± 20-30 minutes from Groningen city centre** *Women-run club with a clean and friendly reputation. This club is accustomed to German-speaking guests.* [\[Thread1\]]( **Eroroma** – ± 40-50 minutes from Groningen or Zwolle** *Couples club with Roman bath theme, jacuzzis and all-inclusive options. Situated in a rural area in the northeast. This club is accustomed to German-speaking guests.* **Club Monique** – ± 50-70 minutes from Amsterdam centre** *Local social club in the north of Noord-Holland, near the IJsselmeer.* **Club Mystique** – ± 45-60 minutes from Eindhoven** *Social club in the south of the Netherlands with a regional focus.* [\[Thread1\]]( **Ultimate Dream** – ± 20-30 minutes from Eindhoven** *Social-oriented club with a strong BDSM element, which often attracts more English-speaking visitors. This club is accustomed to German-speaking guests.* [\[Thread1\]]( [\[Thread2\]]( # Dance / Music-oriented clubs **Fun4Two** – ± 50-70 minutes from Amsterdam centre** *Luxury club with restaurant, sauna, whirlpool, wellness facilities and themed events. Has a full English website and attracts an international mix of guests.* [\[Thread1\]]( [\[Thread2\]]( **Fata Morgana** – ± 15-25 minutes from Amsterdam centre** *Upscale club with multiple floors, restaurant, sauna, whirlpool, darkrooms and play areas. All-inclusive options and online tickets available.* [\[Thread1\]]( **Club Organza** – ± 25-40 minutes from Amsterdam centre** *Dance-oriented club with a party atmosphere. Located centrally in the Netherlands.* # Local / National focussed clubs These clubs are popular among Dutch swingers but generally have a stronger local character and more Dutch spoken. The Limburg clubs are accustomed to German-speaking guests: * **Azzurra**. One of the few clubs that is open on Thursday for couples only. [\[Thread1\]]( [\[Thread2\]]( [\[Thread3\]]( * [**Pleasure2gether**]( **– Limburg – ± 25 minutes from Maastricht** * [**Kasteel Waterloo**]( **– Limburg – ± 50 minutes from Maastricht** * [**Devils & Angels**]( **– Limburg – ± 30 minutes from Maastricht** They can be enjoyable if you speak some Dutch or prefer mixing with locals, but expect less English support compared to clubs higher in this overview. They are generally harder to travel towards due to public transport not being consistent in the Limburg area. **Want more info about a specific club?** Search this subreddit for the club name or leave a comment below. We will regularly add links to older experience threads under the relevant club. *TBD: Party Players is currently not included due to their imminent closure in June.*;https://www.reddit.com/r/SwingersNL/comments/1sh2sa2/megathread_international_visitors_vacationers_faq/;1;0;
e3e96086339dcd85;reddit;Paris;2026-04-10T00:04:18.000Z;Paris optician tourism;;Paris optician tourism. Hello opticians! My partner is an optician and we might be going on a trip to Paris this fall. Does anyone know of any unique places I could take him? Like a vintage glasses store, independent glasses maker etc?;https://www.reddit.com/r/AskAnOptician/comments/1sh6qa6/paris_optician_tourism/;1;1;
c6ab0daf008a0531;reddit;Lisbon;2026-03-27T12:16:05.000Z;Research: What is it REALLY like to live in Amsterdam, Barcelona or Lisbon nowadays? - 1:1 talk (Happy to Return the Favour!);;"Hi! 🌍 I’m looking for locals and internationals who live in Amsterdam, Barcelona or Lisbon, to join a quick talk about your experience living in one of those cities.

* Short 1:1 conversation
* \~25-30 min
* Casual chat, not too formal
* Online- Via Teams

Additional Details :  
I’m curious about how do you feel living in these cities what are your favourite places, are there areas you don’t enjoy or tend to avoid, also what do you think about the housing prices and over tourism. — your honest, real perspective.

📲 If you’d like to participate in my research, write me a comment, and I’ll contact you to schedule a time.";https://www.reddit.com/r/ResearchAdmin/comments/1s52eoi/research_what_is_it_really_like_to_live_in/;0;0;
645e90e34323c30d;reddit;Rome;2026-04-09T18:19:33Z;Meet Diocletian – the Roman emperor who retired to grow cabbages;;Meet Diocletian – the Roman emperor who retired to grow cabbages. Meet Diocletian – the Roman emperor who retired to grow cabbages. Most Roman emperors died on the job. So when the emperor Diocletian decided to abdicate and retire in March 305 CE, it was a highly unusual development. Very few Roman emperors died natural deaths. Most were assassinated, some died in battle and one was even struck by lightning. Some emperors sensed the danger and got out of Rome altogether. But on…;https://theconversation.com/meet-diocletian-the-roman-emperor-who-retired-to-grow-cabbages-276388;1;1;
c9181c579958a8b3;reddit;Athens;2026-04-09T21:39:20.000Z;;;. Oh myy that sounds amazing. I always think of massages in like an ocean side resort but for some reason it didn’t cross my mind to find in Athens until now that you mention it, thanks for the rec!;https://www.reddit.com/r/GreeceTravel/comments/1sgzd9d/5_days_in_athens/of9ohx6/;1;1;
c5110d5b7a37939e;reddit;London;2026-04-10T09:55:07.000Z;;;. Well there is tonnes to do...one of the top cities in the world for things to do...but if your plan was to just go sightseeing and you don't enjoy sightseeing, well then you probably won't enjoy sightseeing in London. If your interest is music...then going to see live music would be better If your interest is food...then going to a top restaurant would be better If your interest is pokemon cards...then going to pokemon card convention would be better etc etc;https://www.reddit.com/r/LDN/comments/1shh2iw/disappointment/ofcowj9/;1;1;
114a2912584020a5;reddit;Prague;2026-04-06T23:22:30.000Z;;;"""Hoping that this can bring another side of popularity to the sport and really just grow the amount of people watching or appreciating by crazy numbers.""

TV/movie work or a behind the scenes project with Jordan Cowan?";https://www.reddit.com/r/IliaQuadg0dMalinin/comments/1sedro8/article_ilia_malinin_proud_of_improved_artistry/oepd6es/;0;0;
c722b2d04e26b072;reddit;Prague;2026-04-09T22:51:45.000Z;;;". Bolt has a women to women option that you can order. Generally, I think it's safe. If you can't find a female driver, try calling a Comfort or Premium ride; sit behind the driver, and no one will bother you.";https://www.reddit.com/r/Prague/comments/1sh4gbk/do_you_feel_safe_riding_with_bolt_in_prague/ofa263k/;1;1;
1651c42594b0b204;reddit;Paris;2026-03-11T18:58:10Z;In Paris, Mandarin Oriental enhances Haute Couture Suite by Isabelle Huppert;;In Paris, Mandarin Oriental enhances Haute Couture Suite by Isabelle Huppert. In Paris, Mandarin Oriental enhances Haute Couture Suite by Isabelle Huppert. New additions to the guest room include a gown from French fashion house Balenciaga, pieces from German luxury furniture manufacturer Walter Knoll and literary picks chosen by the actress. Travel and hospitality March 11, 2026 The Haute Couture Suite by Isabelle Huppert originally launched in 2021. Image credit: Mandarin Oriental/Éric Guillemain By Zach James for Luxury Daily New…;https://www.luxurydaily.com/in-paris-mandarin-oriental-enhances-haute-couture-suite/;1;1;