doc_id,city,source,title,url,vader_label,vader_score,scored_at,human_label,correct
aecf0e683b4add8c,London,news,"Greetings from London, where a big COVID memorial holds vigil over the halls of power",https://www.npr.org/2026/04/01/nx-s1-5767068/london-uk-covid-memorial-wall,negative,-0.9201,2026-04-11T11:27:08.077298+00:00,negative,
de22b44daac66b00,Paris,reddit,I'm booking a trip to Paris for the summer and I'm terrified,https://www.reddit.com/r/aspergers/comments/1sh8lxf/im_booking_a_trip_to_paris_for_the_summer_and_im/,negative,-0.9839,2026-04-14T10:44:31.720568+00:00,negative,
e3e96086339dcd85,Paris,reddit,Paris optician tourism,https://www.reddit.com/r/AskAnOptician/comments/1sh6qa6/paris_optician_tourism/,positive,0.4857,2026-04-14T10:44:31.720568+00:00,positive,
b817dd6240c8b1c3,Lisbon,reddit,,https://www.reddit.com/r/Interrail/comments/1sgbb9b/first_time_traveller_inexperienced_travellers/of5ialn/,positive,0.9192,2026-04-14T10:44:31.720568+00:00,positive,
9afaa053f4fe95bc,Lisbon,reddit,,https://www.reddit.com/r/travel/comments/1sh0lnz/another_3weekish_europe_itinerary_question/of98zz8/,positive,0.9089,2026-04-14T10:44:31.720568+00:00,positive,
7f0095726a45c4cc,London,reddit,,https://www.reddit.com/r/dreamingspanish/comments/1shhqwc/speaking_makes_it_all_feel_worth_it_a_600_hour/ofcqgfq/,positive,0.9507,2026-04-14T10:44:31.720568+00:00,positive,
b732034e5eff6e87,Rome,news,Tourists Must Now Pay $2 to Take Photo of Rome’s Trevi Fountain,https://petapixel.com/2026/03/23/tourists-must-now-pay-2-to-take-photo-of-romes-trevi-fountain/,negative,-0.3634,2026-04-11T11:27:08.077298+00:00,negative,
e86f97c5123d942b,Barcelona,news,Barcelona's New Tourist Tax: What Tourists Should Know as It Takes Effect,https://www.ibtimes.com.au/barcelonas-new-tourist-tax-what-tourists-should-know-it-takes-effect-1866330,negative,-0.128,2026-04-14T10:19:49.162283+00:00,negative,
17dc8b2955c8a827,Athens,reddit,,https://www.reddit.com/r/GreeceTravel/comments/1sgzd9d/5_days_in_athens/of91gbu/,positive,0.9477,2026-04-14T10:44:31.720568+00:00,positive,
5f3cd3f7f3c980f7,Athens,reddit,,https://www.reddit.com/r/ancientgreece/comments/1sh6yyf/delphi_is_one_of_the_most_stunning_places_ive_been/ofaktgv/,positive,0.6114,2026-04-14T10:44:31.720568+00:00,positive,
4b1f8d5bc528eb01,Athens,news,Tourism: Travel demand for Greece stable despite the crisis in the Middle East,https://www.naftemporiki.gr/english/2086488/tourism-travel-demand-for-greece-stable-despite-the-crisis-in-the-middle-east/,positive,0.9869,2026-04-11T11:27:08.077298+00:00,positive,
30628080bfe7ce67,London,reddit,,https://www.reddit.com/r/awardtravel/comments/1shh011/what_are_the_pros_of_booking_a_suiteclub_vs/ofcociu/,positive,0.802,2026-04-14T10:44:31.720568+00:00,positive,
1ac258bcfd26e093,Barcelona,reddit,1-night France–Spain cruise ☀️,https://www.holidaypirates.com/cruises/1-night-france-spain-cruise,positive,0.8705,2026-04-14T10:44:31.720568+00:00,positive,
02e387b63a70f447,Rome,reddit,,https://www.reddit.com/r/ItalyTravel/comments/1shdxwv/best_hidden_gem_towns_near_rome/ofbz4xx/,positive,0.7845,2026-04-14T10:44:31.720568+00:00,positive,
83c549826abcdc18,Athens,reddit,,https://www.reddit.com/r/GreeceTravel/comments/1sh922e/honeymoon_itinerary_please_critique/ofb7klm/,positive,0.6638,2026-04-14T10:44:31.720568+00:00,positive,
9839cec02eb70c1b,Paris,reddit,,https://www.reddit.com/r/disneylandparis/comments/1shitz7/getting_toand_from_paris_from_dlp/ofcvoxd/,positive,0.5859,2026-04-14T10:44:31.720568+00:00,positive,
c0717dc18d8ab1cc,London,reddit,"Wanna surprise my wife with a day trip to London for our anniversary next month but the ETA is making this surprise now complicated, do I need to tell her now?",https://www.reddit.com/r/travel/comments/1shg5z4/wanna_surprise_my_wife_with_a_day_trip_to_london/,positive,0.5398,2026-04-14T10:44:31.720568+00:00,positive,
a9ced840a745a24c,London,reddit,,https://www.reddit.com/r/awardtravel/comments/1shh011/what_are_the_pros_of_booking_a_suiteclub_vs/ofcimvu/,positive,0.9312,2026-04-14T10:44:31.720568+00:00,positive,
80d627faad1df69d,Athens,news,"Brake on bookings and standstill in tourism, but Greece holds an advantage over the Eastern Mediterranean and Emirates – What industry experts predict",https://en.protothema.gr/2026/03/16/brake-on-bookings-and-standstill-in-tourism-but-greece-holds-an-advantage-over-the-eastern-mediterranean-and-emirates-what-industry-experts-predict/,positive,0.9841,2026-04-11T11:27:08.077298+00:00,positive,
a095d24ad2a89a9a,Prague,reddit,Prague long weekend with flights and 4⭐️ hotel ,https://www.holidaypirates.com/packages/prague-4-hotel-nh-collection,positive,0.8553,2026-04-14T10:44:31.720568+00:00,positive,
8eeaf8fdf17a4cbd,Rome,news,I've visited all 20 regions in Italy. Skip the big cities and head to one of these 4 small towns instead.,https://www.businessinsider.com/best-small-towns-italy-from-frequent-visitor-in-calabria-tuscany-2026-4,positive,0.9966,2026-04-10T14:17:03.155706+00:00,positive,
de5c45ee9771c317,Prague,reddit,,https://www.reddit.com/r/czech/comments/1sh8vsp/planning_a_solo_trip_to_the_czech_republic_next/ofckhku/,negative,-0.5574,2026-04-14T10:44:31.720568+00:00,negative,
e3bac698c61aa7fc,Lisbon,reddit,First time traveller inexperienced travellers looking for some advice,https://www.reddit.com/r/Interrail/comments/1sgbb9b/first_time_traveller_inexperienced_travellers/,positive,0.6482,2026-04-14T10:44:31.720568+00:00,positive,
ea8587477d179248,London,news,],https://www.timeout.com/london/news/this-london-museum-is-officially-the-most-visited-attraction-in-the-uk-032026,positive,0.9996,2026-04-11T11:27:08.077298+00:00,positive,
cb3029ef1d9f64e5,London,news,Lord Ashcroft's VCs and GCs to have a new home at the National Army Museum,https://www.prnewswire.co.uk/news-releases/lord-ashcrofts-vcs-and-gcs-to-have-a-new-home-at-the-national-army-museum-302712679.html,positive,0.9989,2026-04-11T11:27:08.077298+00:00,positive,
aea03abfb180104b,Athens,reddit,Drove through Greece for 3 weeks with a rental car. Here's what nobody tells you.,https://www.reddit.com/r/u_glyfadabeach/comments/1sgoxy2/drove_through_greece_for_3_weeks_with_a_rental/,positive,0.9875,2026-04-14T10:44:31.720568+00:00,positive,
2f55e79aa447a75c,Athens,reddit,,https://www.reddit.com/r/GreeceTravel/comments/1sg5wzn/tattoo_artist_in_athens/of2te3w/,positive,0.5163,2026-04-14T10:44:31.720568+00:00,positive,
e19868373aa0ea2b,London,news,"From zero waste to social impact, here’s how and where to ‘dine consciously’ in London",https://adventure.com/conscious-dining-london-green-dining/,positive,0.9996,2026-04-11T11:27:08.077298+00:00,positive,
c9beaf80b72772de,Barcelona,reddit,,https://www.reddit.com/r/Europetravel/comments/1sh2ykp/european_costal_trip_portugal_spain_france_italy/ofbzb23/,positive,0.5106,2026-04-14T10:44:31.720568+00:00,positive,
a14579ddc4e6b5b8,Rome,reddit,,https://www.reddit.com/r/Europetravel/comments/1shbuh0/can_i_find_same_day_hostel_accommodations_in/ofcpwrh/,positive,0.646,2026-04-14T10:44:31.720568+00:00,positive,
bc199cddbb2cb7e2,Rome,reddit,9 dramatic hotels where the interiors wield a stun gun,https://theweek.com/culture-life/travel/hotels-stunning-interior-design-france-ireland-mexico-bangkok-london-phoenix-south-africa,positive,0.1531,2026-04-14T10:44:31.720568+00:00,positive,
31a0441a0731528b,Prague,reddit,Do you feel safe riding with Bolt in Prague?,https://www.reddit.com/r/Prague/comments/1sh4gbk/do_you_feel_safe_riding_with_bolt_in_prague/,positive,0.755,2026-04-14T10:44:31.720568+00:00,positive,
84f87640c653856c,Lisbon,news,Stunning Sintra long weekend in summerPortugal ,https://www.holidaypirates.com/packages/stunning-sintra-long-weekend-in-summer-portugal,positive,0.993,2026-04-11T09:44:33.817663+00:00,positive,
a65ade521a41160d,London,news,"At Evelyn’s Table, Seamus Sam Leads an Inventive 12-Seat Tasting Menu Beneath a London Pub",https://observer.com/2026/04/seamus-sam-chef-evelyns-table-london-restaurant/,positive,0.9999,2026-04-11T09:44:33.817663+00:00,positive,
23407c870e9c7bc2,Prague,reddit,,https://www.reddit.com/r/czech/comments/1sh8vsp/planning_a_solo_trip_to_the_czech_republic_next/ofax5bh/,positive,0.5789,2026-04-14T10:44:31.720568+00:00,positive,
35d115d21f60883f,Barcelona,reddit,,https://www.reddit.com/r/spaintravel/comments/1sh7f1j/train_vs_rental_car/ofbmmba/,negative,-0.1298,2026-04-14T10:44:31.720568+00:00,positive,
7a430475c9db26b8,Barcelona,reddit,,https://www.reddit.com/r/Europetravel/comments/1sh2ykp/european_costal_trip_portugal_spain_france_italy/ofclp7j/,positive,0.9618,2026-04-14T10:44:31.720568+00:00,positive,
8b5f72e8f5fe8817,Athens,reddit,,https://www.reddit.com/r/GreeceTravel/comments/1sh922e/honeymoon_itinerary_please_critique/ofb5xsm/,positive,0.9605,2026-04-14T10:44:31.720568+00:00,positive,
e866f9f4fcd18f73,London,reddit,Can You Do Scotland and England in the Same Trip? How to Plan It,https://anglotopia.net/british-travel/can-you-do-scotland-and-england-in-the-same-trip-how-to-plan-it/,positive,0.9737,2026-04-14T10:44:31.720568+00:00,positive,
d641d02aae917938,Athens,reddit,Let me introduce myself to you.,https://www.reddit.com/r/Athens_Street_Photos/comments/1sgo37u/let_me_introduce_myself_to_you/,positive,0.9041,2026-04-14T10:44:31.720568+00:00,positive,
2546b061525558ca,London,news,These sensual images capture queer London up close,https://www.dazeddigital.com/art-photography/article/69934/1/alexander-elkholm-exhalation-queer-photography-exhibition-london?utm_source=Link&utm_medium=Link&utm_campaign=RSSFeed&utm_term=these-sensual-images-capture-queer-london-up-close,positive,0.9993,2026-04-11T11:27:08.077298+00:00,positive,
db8267e0fb913182,Paris,news,Le backlash: Emily in Paris effect divides French capital,https://www.irishtimes.com/world/europe/2026/04/04/le-backlash-emily-in-paris-effect-divides-french-capital/,positive,0.9984,2026-04-11T11:27:08.077298+00:00,negative,
12d179b2e2b405f5,Lisbon,news,Will Faro and Lisbon help for solo Portugal? #travel,https://alltoc.com/travel/will-faro-and-lisbon-help-for-solo-portugal,positive,0.9805,2026-04-11T11:27:08.077298+00:00,positive,
d23a4c670665013b,London,news,Do I need to leave UK transit zone? #travel,https://alltoc.com/travel/do-i-need-to-leave-uk-transit-zone,negative,-0.296,2026-04-11T11:27:08.077298+00:00,negative,
15fed5b05ec350bb,Prague,reddit,,https://www.reddit.com/r/Prague/comments/1sh1xrv/searching_for_information_about_a_rave_in_prague/of9wm4b/,positive,0.5574,2026-04-14T10:44:31.720568+00:00,positive,
9db51a28fd2d6aae,London,news,The 6 best free things to do in London this weekend [April 10-12 2026],https://www.timeout.com/london/news/the-6-best-free-things-to-do-in-london-this-weekend-april-10-12-2026-040926,positive,0.9997,2026-04-10T14:17:03.155706+00:00,positive,
9056ff783e4025d2,Lisbon,reddit,,https://www.reddit.com/r/solofemaletravellers/comments/1sgzjdb/advice_on_where_to_spend_a_few_days_on_the_beach/ofcb9jf/,positive,0.8932,2026-04-14T10:44:31.720568+00:00,positive,
d0472fcc536019b2,Amsterdam,reddit,,https://www.reddit.com/r/aves/comments/1sd7xie/lgbtfriendly_club_recommendation_in_amsterdam_and/oeqdq76/,positive,0.9404,2026-04-14T10:44:31.720568+00:00,positive,
94daf01aee95d94d,Paris,reddit,,https://www.reddit.com/r/aspergers/comments/1sh8lxf/im_booking_a_trip_to_paris_for_the_summer_and_im/ofcruia/,positive,0.9799,2026-04-14T10:44:31.720568+00:00,positive,
d1bd19cb664a8866,Lisbon,reddit,Advice on where to spend a few days this summer on a Portuguese beach,https://www.reddit.com/r/solotravel/comments/1sgzf5i/advice_on_where_to_spend_a_few_days_this_summer/,positive,0.988,2026-04-14T10:44:31.720568+00:00,positive,
